Artist,Song,Samples
Del Shannon,Runaway,No samples found.
LMFAO feat. Lauren Bennett & GoonRock,Party Rock Anthem,"[Hustlin' by Rick Ross], [Shooting Star (Party Rock Mix) by David Rush feat. LMFAO, Pitbull and Kevin Rudolf]"
The Flamingos,I Only Have Eyes for You,No samples found.
Mariah Carey,All I Want for Christmas Is You,No samples found.
Naughty by Nature,O.P.P.,"[ABC by The Jackson 5], [Synthetic Substitution by Melvin Bliss], [La Di Da Di by Doug E. Fresh and Slick Rick]"
The Beatles,Yesterday,No samples found.
Vanessa Carlton,A Thousand Miles,No samples found.
Fetty Wap,Trap Queen,No samples found.
Shania Twain,Man! I Feel Like a Woman!,No samples found.
BLACKstreet feat. Dr. Dre,No Diggity,[Grandma's Hands by Bill Withers]
The Killers,Mr. Brightside,No samples found.
Justin Bieber feat. Ludacris,Baby,No samples found.
Janet Jackson,Miss You Much,No samples found.
Sinéad O’Connor,Nothing Compares 2 U,No samples found.
One Direction,What Makes You Beautiful,No samples found.
Destiny’s Child,Say My Name,No samples found.
Luis Fonsi & Daddy Yankee,Despacito,No samples found.
Stevie Wonder,You Are the Sunshine of My Life,No samples found.
The Human League,Don’t You Want Me,No samples found.
Drake,Hotline Bling,[Why Can't We Live Together by Timmy Thomas]
Aaliyah,Are You That Somebody?,"[People Say by The Meters], [Happy Baby by Jac Holzman]"
The Weeknd,Blinding Lights,No samples found.
Sade,Smooth Operator,No samples found.
Fine Young Cannibals,She Drives Me Crazy,No samples found.
Mark Ronson feat. Bruno Mars,Uptown Funk!,No samples found.
Miley Cyrus,Party in the U.S.A.,No samples found.
Gladys Knight & The Pips,Midnight Train to Georgia,No samples found.
Amy Winehouse,Rehab,No samples found.
Olivia Rodrigo,Drivers License,No samples found.
Van Morrison,Brown Eyed Girl,No samples found.
Natasha Bedingfield,Unwritten,No samples found.
The Notorious B.I.G. feat. Mase & Diddy,Mo Money Mo Problems,"[I'm Coming Out by Diana Ross], [Only You (Bad Boy Remix) by 112 feat. The Notorious B.I.G. and Mase]"
Deee-Lite,Groove Is in the Heart,"[Get Up by Vernon Burch], [Bring Down the Birds by Herbie Hancock], [Introduction by Bel-Sha-Zaar, Tommy Genapopoluis and The Grecian Knights], [Green Acres by Vic Mizzy, Eddie Albert and Eva Gabor], [Uptight by Billy Preston], [Jam on the Groove by Ralph MacDonald], [Right On by Ray Barretto], [Hateful Head Helen by Hateful Head Helen], [Love by Roy Ayers], [The Soul Drummers by Ray Barretto], [Band of Love by Elephant's Memory]"
Paul McCartney & Wings,Silly Love Songs,No samples found.
Ariana Grande,"Thank U, Next",No samples found.
The Monkees,I’m a Believer,No samples found.
Cyndi Lauper,Girls Just Want to Have Fun,No samples found.
Ben E. King,Stand by Me,No samples found.
Hanson,MMMBop,"[Synthetic Substitution by Melvin Bliss], [Buffalo Gals by Malcolm McLaren]"
Whitney Houston,I Will Always Love You,No samples found.
50 Cent,In Da Club,[The Birthday Jam (It's Your Birthday) by The Miami Bass DJ's]
*NSYNC,Bye Bye Bye,No samples found.
Bell Biv DeVoe,Poison,"[Poison by Kool G Rap & DJ Polo], [Jimmy by Boogie Down Productions], [Escape-Ism by James Brown]"
Rick Springfield,Jessie’s Girl,No samples found.
Elton John,Your Song,No samples found.
Britney Spears,Toxic,[Tere Mere Beech Mein by Lata Mangeshkar and S. P. Balasubrahmanyam]
The Mamas & The Papas,California Dreamin',No samples found.
Journey,Don’t Stop Believin',No samples found.
Rihanna feat. Jay-Z,Umbrella,[Vintage Funk Kit 03 by Apple Inc.]
Gotye feat. Kimbra,Somebody That I Used to Know,"[Seville by Luiz Bonfá], [Baa, Baa, Black Sheep by Traditional Folk], [Flute by Mellotron], [Woke Up This Morning by Mexicali Brass], [Memphis by Lonnie Mack], [Co-Gona Voodoo by Chaino and His African Percussion], [Puerto De Barranquilla by Los Machucambos]"
Oasis,Wonderwall,[Supersonic by Oasis]
Blondie,Heart of Glass,No samples found.
Soft Cell,Tainted Love,No samples found.
Dr. Dre feat. Snoop Dogg,Nuthin’ But a ‘G’ Thang,No samples found.
Otis Redding,(Sittin’ On) The Dock of the Bay,No samples found.
Donna Summer,Last Dance,No samples found.
Taylor Swift,You Belong With Me,No samples found.
Looking Glass,Brandy (You’re a Fine Girl),No samples found.
George Michael,Freedom ’90,No samples found.
Katy Perry,Teenage Dream,No samples found.
Marvin Gaye & Tammi Terrell,Ain’t No Mountain High Enough,No samples found.
Spice Girls,Wannabe,[Hot Pants (Bonus Beats) by Bobby Byrd]
Gloria Gaynor,I Will Survive,No samples found.
Al Green,Let’s Stay Together,No samples found.
The Shirelles,Will You Love Me Tomorrow,No samples found.
Usher feat. Lil Jon & Ludacris,Yeah!,No samples found.
Adele,Rolling in the Deep,No samples found.
The Supremes,Where Did Our Love Go,No samples found.
Tears for Fears,Everybody Wants to Rule the World,No samples found.
The Isley Brothers,Shout,[Lonely Teardrops by Jackie Wilson]
a-ha,Take on Me,No samples found.
The Beach Boys,Good Vibrations,No samples found.
Lady Gaga,Bad Romance,No samples found.
Missy Elliott,Work It,"[Peter Piper by Run-DMC], [Heart of Glass by Blondie], [Request Line by Rock Master Scott and the Dynamic Three], [The Little Drummer Boy by The Harry Simeone Chorale]"
Aretha Franklin,Respect,No samples found.
TLC,No Scrubs,No samples found.
The Ronettes,Be My Baby,No samples found.
Beyoncé feat. Jay-Z,Crazy in Love,[Are You My Woman? (Tell Me So) by Chi-Lites]
Fleetwood Mac,Dreams,No samples found.
Mariah Carey,Fantasy,[Genius of Love by Tom Tom Club]
OutKast,Hey Ya!,No samples found.
Nicki Minaj,Super Bass,No samples found.
Britney Spears,…Baby One More Time,No samples found.
Prince and the Revolution,Kiss,No samples found.
The Beatles,I Want to Hold Your Hand,No samples found.
2Pac feat. Dr. Dre,California Love,"[Woman to Woman by Joe Cocker], [Dance Floor by Zapp], [West Coast Poplock by Ronnie Hudson & The Street People]"
Carly Rae Jepsen,Call Me Maybe,No samples found.
Michael Jackson,Billie Jean,[ARR1 by Fairlight CMI]
Madonna,Like a Prayer,No samples found.
Kelly Clarkson,Since U Been Gone,No samples found.
Backstreet Boys,I Want It That Way,No samples found.
The Temptations,My Girl,No samples found.
ABBA,Dancing Queen,No samples found.
Whitney Houston,I Wanna Dance With Somebody (Who Loves Me),No samples found.
Van Halen,Jump,No samples found.
Mariah Carey,We Belong Together,"[If You Think You're Lonely Now by Bobby Womack], [Stares and Whispers by Renée Geyer], [Two Occasions by The Deele]"
? and the Mysterians,96 Tears,No samples found.
Post Malone,Circles,No samples found.
Duran Duran,Hungry Like the Wolf,No samples found.
Nelly,Hot in Herre,[Bustin' Loose by Chuck Brown and The Soul Searchers]
Boston,More Than a Feeling,[Screw You (Young Man's Blues) by Elton John]
Barry Manilow,Copacabana,No samples found.
No Doubt,Just a Girl,No samples found.
Dolly Parton,9 to 5,No samples found.
Smokey Robinson & The Miracles,The Tears of a Clown,No samples found.
Pet Shop Boys,West End Girls,No samples found.
Tommy James and the Shondells,Crimson and Clover,No samples found.
Juice WRLD,Lucid Dreams,"[Shape of My Heart by Sting], [Walkie-Talkie by Nextel]"
Madonna,Vogue,"[Ooh, I Love It (Love Break) by The Salsoul Orchestra]"
Boyz II Men,I’ll Make Love to You,No samples found.
Elton John,Bennie and the Jets,No samples found.
Juvenile feat. Mannie Fresh & Lil Wayne,Back That Azz Up,No samples found.
Sam Cooke,Wonderful World,No samples found.
Raspberries,Go All the Way,No samples found.
Ricky Martin,Livin’ La Vida Loca,No samples found.
Bill Withers,Ain’t No Sunshine,No samples found.
Steve Lacy,Bad Habit,No samples found.
Daft Punk,One More Time,[More Spell on You by Eddie Johns]
Sia,Chandelier,No samples found.
The Jackson 5,ABC,No samples found.
Doja Cat,Say So,No samples found.
Carpenters,(They Long to Be) Close to You,No samples found.
Robin S.,Show Me Love,No samples found.
The Kingsmen,Louie Louie,No samples found.
*NSYNC,Tearin’ Up My Heart,[Hihache by Lafayette Afro Rock Band]
Beyoncé,Love on Top,No samples found.
Coolio,Gangsta’s Paradise,"[Pastime Paradise by Stevie Wonder], [Psalm 23 by The Bible (Book)]"
Johnny Nash,I Can See Clearly Now,No samples found.
Don Henley,The Boys of Summer,No samples found.
Icona Pop feat. Charli XCX,I Love It,No samples found.
The Kinks,You Really Got Me,No samples found.
Taylor Swift,Blank Space,No samples found.
Tina Turner,What’s Love Got to Do With It,No samples found.
Cher,Believe,No samples found.
T-Pain feat. Yung Joc,Buy U a Drank (Shawty Snappin’),"[Money in the Bank by Lil Scrappy feat. Young Buck], [It's Goin' Down by Yung Joc feat. Nitti], [Snap Yo Fingers by Lil Jon feat. E-40 and Sean Paul (Of YoungBloodZ)], [Walk It Out by Unk]"
Blondie,Call Me,No samples found.
Miley Cyrus,Wrecking Ball,No samples found.
The Archies,"Sugar, Sugar",No samples found.
Martha and the Vandellas,Heat Wave,No samples found.
Missy Elliott,Get Ur Freak On,"[Is That Your Chick (The Lost Verses) by Memphis Bleek feat. Jay-Z, Twista and Missy Elliott], [Larka 1.1 by Zero-G and Master Dilbahar], [Tomi Tablas 07 by Zero-G], [Classic Tumbi Loop 03 by Zero-G]"
Nick Lowe,Cruel to Be Kind,No samples found.
Frankie Valli,Can’t Take My Eyes Off You,No samples found.
Eminem,Lose Yourself,No samples found.
Kesha,Tik Tok,[Five Minutes of Funk by Whodini]
Four Tops,I Can’t Help Myself,No samples found.
The Doobie Brothers,What a Fool Believes,No samples found.
Bon Jovi,Livin’ on a Prayer,No samples found.
Alanis Morissette,You Oughta Know,[Time Bonus Beats (105 BPM) by Simon Harris]
Coldplay,Viva La Vida,No samples found.
Cardi B,Bodak Yellow (Money Moves),No samples found.
Ritchie Valens,La Bamba,No samples found.
Eurythmics,Sweet Dreams (Are Made of This),No samples found.
Carly Simon,You’re So Vain,No samples found.
Billie Eilish,Bad Guy,[Aldridge PB/5 Pedestrian Crossing Walk Signal by Louis A. Challis and Associates]
Third Eye Blind,Semi-Charmed Life,No samples found.
Elvis Presley,Can’t Help Falling in Love,[Plaisir D'Amour by Jean Paul Egide Martini]
Fugees,Killing Me Softly,"[Bonita Applebum by A Tribe Called Quest], [The Day Begins by The Moody Blues feat. London Festival Orchestra]"
Beyoncé,Single Ladies (Put a Ring on It),No samples found.
The Miracles,The Tracks of My Tears,No samples found.
Justin Timberlake,SexyBack,"[Hook and Sling - Part I by Eddie Bo], [You Took the Words Right Out of My Mouth by Meat Loaf]"
Lil Nas X feat. Billy Ray Cyrus,Old Town Road (Remix),No samples found.
Don McLean,American Pie,[Jack Be Nimble by Traditional Folk]
The Beach Boys,God Only Knows,No samples found.
Dionne Warwick,Walk on By,No samples found.
Madonna,Borderline,No samples found.
Prince,Little Red Corvette,No samples found.
Snoop Dogg,Gin and Juice,"[I Get Lifted by George McCrae], [Watching You by Slave], [Long Red by Mountain], [Bitches Ain't Shit by Dr. Dre and Snoop Dogg feat. Daz Dillinger, Kurupt and Jewell]"
Lady Gaga,Born This Way,[Vertigo Prelude and Rooftop by Bernard Herrmann]
M.I.A.,Paper Planes,"[Straight to Hell by The Clash], [Rump Shaker (Radio Mix) by Wreckx-N-Effect feat. Teddy Riley], [Gun, Classic Pistol Cock by The Hollywood Edge Sound Effects Library], [.357 Magnum Pistol Shot 3: Close Perspective. More Ring Off Than FX 28 by The Hollywood Edge Sound Effects Library]"
Daft Punk feat. Pharrell,Get Lucky,No samples found.
Harry Styles,As It Was,No samples found.
Bonnie Tyler,Total Eclipse of the Heart,[Come in the Night by Jim Steinman]
Tom Petty,Free Fallin',No samples found.
The Rolling Stones,(I Can’t Get No) Satisfaction,No samples found.
Jay-Z feat. Alicia Keys,Empire State of Mind,"[Love on a Two Way Street by The Moments], [Theme From New York, New York by Frank Sinatra], [Sexual Chocolate by Coming to America (movie)]"
Neil Diamond,Sweet Caroline,No samples found.
Cyndi Lauper,Time After Time,No samples found.
Brandy & Monica,The Boy Is Mine,No samples found.
INXS,Need You Tonight,No samples found.
Michael Jackson,Don’t Stop ‘Til You Get Enough,No samples found.
The Cars,Just What I Needed,No samples found.
Lorde,Royals,No samples found.
Nirvana,Smells Like Teen Spirit,No samples found.
Nancy Sinatra,These Boots Are Made for Walkin',No samples found.
Huey Lewis & The News,The Power of Love,No samples found.
Rihanna feat. Calvin Harris,We Found Love,No samples found.
Jimmy Buffett,Margaritaville,No samples found.
Toto,Africa,No samples found.
George Michael,Faith,[Freedom by Wham!]
Marvin Gaye,What’s Going On,No samples found.
Sugarhill Gang,Rapper’s Delight,"[Good Times by Chic], [Here Comes That Sound Again by Love De-Luxe with Hawkshaw's Discophonia], [Fun Loving Rapping by Five on the Black Hand Side (movie)]"
Annie Lennox,Walking on Broken Glass,No samples found.
Lil Uzi Vert,XO Tour Llif3,No samples found.
Commodores,Brick House,No samples found.
Adele,Someone Like You,No samples found.
Paramore,Still Into You,No samples found.
Sly & The Family Stone,Everyday People,No samples found.
Drake,Best I Ever Had,"[Fallin' in Love by Hamilton, Joe Frank & Reynolds], [Do It for the Boy by Lil Wayne feat. Nutt Da Kidd]"
La Roux,Bulletproof,No samples found.
Bob Seger,Night Moves,No samples found.
Ghost Town DJ’s,My Boo,No samples found.
The Beatles,Hey Jude,No samples found.
The Police,Every Breath You Take,No samples found.
Montell Jordan,This Is How We Do It,"[Children's Story by Slick Rick], [Money (Dollar Bill Y'all) by Jimmy Spicer]"
John Mellencamp,Jack & Diane,No samples found.
Blue Swede,Hooked on a Feeling,No samples found.
Louis Armstrong,What a Wonderful World,No samples found.
Shakira feat. Wyclef Jean,Hips Don’t Lie,[Dance Like This by Wyclef Jean feat. Claudette Ortiz]
Lizzo,Truth Hurts,No samples found.
The Supremes,You Can’t Hurry Love,No samples found.
Freda Payne,Band of Gold,No samples found.
Lionel Richie,All Night Long (All Night),No samples found.
Fun. feat. Janelle Monáe,We Are Young,No samples found.
Tracy Chapman,Fast Car,No samples found.
Shaggy feat. Ricardo “RikRok” Ducent,It Wasn’t Me,"[Smile Happy by War], [No Loyal Men by Eddie Murphy]"
Depeche Mode,Enjoy the Silence,[That's the Way Love Is (Deep House Mix-Extended Version) by Ten City]
Enrique Iglesias feat. Descemer Bueno & Gente de Zona,Bailando,No samples found.
Simon & Garfunkel,Mrs. Robinson,No samples found.
Wham!,Wake Me Up Before You Go-Go,No samples found.
Britney Spears,Oops!…I Did It Again,No samples found.
TLC,Waterfalls,No samples found.
Cheap Trick,I Want You to Want Me,No samples found.
Migos feat. Lil Uzi Vert,Bad and Boujee,[Jumpman by Drake and Future]
America,Sister Golden Hair,No samples found.
Mary J. Blige,Real Love,[Top Billin' by Audio Two]
DMX,Party Up (Up in Here),No samples found.
Dua Lipa,Levitating,No samples found.
Bee Gees,How Deep Is Your Love,No samples found.
JoJo,Leave (Get Out),No samples found.
Pointer Sisters,I’m So Excited,No samples found.
Frank Ocean,Thinkin Bout You,No samples found.
Disclosure feat. Sam Smith,Latch,[Fairplay by Zed Bias feat. Jenna G]
The Crystals,Then He Kissed Me,No samples found.
Lauryn Hill,Doo-Wop (That Thing),[Together Let's Find Love by The 5th Dimension]
The Foundations,Build Me Up Buttercup,No samples found.
David Bowie,Modern Love,No samples found.
John Travolta & Olivia Newton-John,You’re the One That I Want,No samples found.
Chubby Checker,The Twist,No samples found.
Ray Charles,Hit the Road Jack,No samples found.
Rae Sremmurd feat. Gucci Mane,Black Beatles,No samples found.
Fall Out Boy,"Sugar, We’re Going Down",No samples found.
The Rolling Stones,Miss You,No samples found.
Rick Astley,Never Gonna Give You Up,No samples found.
The Chicks,Goodbye Earl,No samples found.
The Cardigans,Lovefool,No samples found.
Daddy Yankee,Gasolina,No samples found.
David Guetta feat. Sia,Titanium,[Sticks and Stones by Traditional Folk]
Salt-n-Pepa,Shoop,"[I'm Blue by The Sweet Inspirations], [Sneakin' in the Back by Tom Scott and The L.A. Express], [Super Sporm by Captain Sky], [You Do Something to Me by Bing Crosby]"
Neneh Cherry,Buffalo Stance,"[Chicken Yellow by Miami], [Buffalo Gals by Malcolm McLaren], [Hey You (The Rock Steady Crew) by The Rock Steady Crew]"
Psy,Gangnam Style,No samples found.
Corinne Bailey Rae,Put Your Records On,No samples found.
Beck,Loser,"[I Walk on Guilded Splinters by Johnny Jenkins], [I'm the Driver, I'm the Winner by Kill the Moonlight (movie)]"
Bruce Springsteen,Dancing in the Dark,No samples found.
Daryl Hall & John Oates,You Make My Dreams,No samples found.
The Cure,Just Like Heaven,No samples found.
Kanye West feat. Jamie Foxx,Gold Digger,"[I've Got a Woman by Ray Charles], [Bumpin' Bus Stop by Thunder and Lightning], [Another Story to Tell by Mase]"
Whitney Houston,How Will I Know,No samples found.
Christina Aguilera,Genie in a Bottle,No samples found.
Petula Clark,Downtown,No samples found.
Charli XCX,Boom Clap,No samples found.
Avril Lavigne,Sk8er Boi,No samples found.
The Lovin’ Spoonful,Do You Believe in Magic,No samples found.
Ace of Base,The Sign,No samples found.
SZA,Kill Bill,No samples found.
The Spinners,Could It Be I’m Falling in Love?,No samples found.
Aqua,Barbie Girl,[Give It Up by The Goodmen]
Carole King,It’s Too Late,No samples found.
Soulja Boy,Crank That (Soulja Boy),No samples found.
Joni Mitchell,Big Yellow Taxi,No samples found.
Janet Jackson,That’s the Way Love Goes,"[Papa Don't Take No Mess by James Brown], [Impeach the President by The Honey Drippers]"
Electric Light Orchestra,Don’t Bring Me Down,[On the Run by Electric Light Orchestra]
The Chainsmokers feat. Halsey,Closer,[Over My Head (Cable Car) by The Fray]
The Zombies,She’s Not There,No samples found.
Guns N’ Roses,Sweet Child o’ Mine,No samples found.
Cascada,Everytime We Touch,[Everytime We Touch by Maggie Reilly]
Ginuwine,Pony,"[Life & Soul by The Sundays], [FX 9 by Zero-G], [FX 12 by Zero-G], [030 Yeaowaho by E-mu Systems]"
Michael Jackson,Beat It,[Untitled by Denny Jaeger]
The Bangles,Manic Monday,No samples found.
Kylie Minogue,Can’t Get You Out of My Head,No samples found.
Santana feat. Rob Thomas,Smooth,No samples found.
Foreigner,I Want to Know What Love Is,No samples found.
Estelle feat. Kanye West,American Boy,[Impatient by will.i.am]
Bad Bunny,Tití Me Preguntó,"[No Te Puedo Olvidar (Bachata) by Antony Santos], [Air Raid-Alert by Jac Holzman], [Uva Bombom by Rochy RD feat. El Chuky De Lewa]"
The Knack,My Sharona,No samples found.
Belinda Carlisle,Heaven Is a Place on Earth,No samples found.
Stevie Wonder,My Cherie Amour,No samples found.
Jean Knight,Mr. Big Stuff,No samples found.
Bobby Darin,Beyond the Sea,No samples found.
"Pitbull feat. Ne-Yo, Afrojack & Nayer",Give Me Everything,[I Got a Story to Tell by The Notorious B.I.G.]
Chaka Khan,I Feel for You,[Fingertips Part 2 by Stevie Wonder]
Nelly,Country Grammar (Hot Shit),[Down Down Baby by Traditional Folk]
Tom Jones,It’s Not Unusual,No samples found.
5 Seconds of Summer,She Looks So Perfect,No samples found.
Chic,Le Freak,No samples found.
Lisa Loeb,Stay (I Missed You),No samples found.
Johnny Cash,Ring of Fire,No samples found.
Cher,If I Could Turn Back Time,No samples found.
Jonas Brothers,Burnin’ Up,No samples found.
Tom Tom Club,Genius of Love,No samples found.
Bay City Rollers,Saturday Night,No samples found.
Carrie Underwood,Before He Cheats,No samples found.
BTS,Dynamite,No samples found.
New Order,Bizarre Love Triangle,No samples found.
Katrina and the Waves,Walking on Sunshine,No samples found.
Eagles,One of These Nights,No samples found.
Selena,Dreaming of You,No samples found.
Dion,Runaround Sue,No samples found.
Salt-n-Pepa,Push It,"[You Really Got Me by The Kinks], [Keep on Pushin' by Coal Kitchen], [The Bird by The Time], [I'm a Greedy Man by James Brown], [There It Is by James Brown]"
A Flock of Seagulls,I Ran (So Far Away),No samples found.
The Notorious B.I.G.,Big Poppa,"[Between the Sheets by The Isley Brothers], [Bad Boys by Bad Boys feat. K Love], [Dolly My Baby (Bad Boy Extended Mix) by Super Cat and Mary J. Blige feat. The Notorious B.I.G., Puff Daddy and 3rd Eye]"
Queen,Crazy Little Thing Called Love,No samples found.
Adina Howard,Freak Like Me,"[I'd Rather Be With You by Bootsy's Rubber Band], [Summer Madness by Kool & the Gang], [Sing a Simple Song by Sly & the Family Stone], [All Night Long by Mary Jane Girls], [Show Us a Feeling by Roy Ayers Ubiquity]"
P!nk,Raise Your Glass,No samples found.
Rihanna feat. Drake,Work,[Sail Away (Riddim) by Richie Stephens and Mikey 2000]
Lil Wayne feat. Static Major,Lollipop,"[It's Me...(Remix) by Swizz Beatz feat. Lil Wayne, R. Kelly and Jadakiss], [Back That Azz Up (Back That Thang Up) by Juvenile feat. Mannie Fresh and Lil Wayne]"
The Partridge Family,I Think I Love You,No samples found.
Blink-182,All the Small Things,No samples found.
Taylor Swift,Anti-Hero,No samples found.
Elvis Presley,Suspicious Minds,No samples found.
Prince and the Revolution,Raspberry Beret,No samples found.
Paula Abdul,Straight Up,No samples found.
John Denver,"Take Me Home, Country Roads",No samples found.
The Box Tops,The Letter,No samples found.
Etta James,At Last,No samples found.
Gnarls Barkley,Crazy,"[Last Men Standing by Gianfranco Reverberi and Gian Piero Reverberi], [Stop and Check Yourself by Garnet Mimms]"
Gin Blossoms,Hey Jealousy,No samples found.
Lesley Gore,It’s My Party,No samples found.
Calvin Harris feat. Frank Ocean & Migos,Slide,No samples found.
Arthur Conley,Sweet Soul Music,"[The Magnificent Seven Theme by Elmer Bernstein], [Yeah Man by Sam Cooke], [Fa-Fa-Fa-Fa-Fa (Sad Song) by Otis Redding]"
New Edition,Candy Girl,No samples found.
R.E.M.,Losing My Religion,No samples found.
Fergie feat. Ludacris,Glamorous,[If You Ain't Got No Money by Raheem the Dream]
Kris Kross,Jump,"[Funky Worm by Ohio Players], [I Want You Back by The Jackson 5], [O.P.P. by Naughty by Nature], [How I Could Just Kill a Man by Cypress Hill], [Impeach the President by The Honey Drippers], [Saturday Night by Schoolly D], [The Original Human Beat Box by Doug E. Fresh], [The Humpty Dance by Digital Underground], [Appetite for Destruction by N.W.A], [Back From Hell (Remix) by Run-DMC feat. Chuck D and Ice Cube]"
B.J. Thomas,Raindrops Keep Fallin’ on My Head,No samples found.
Avicii,Levels,[Something's Got a Hold on Me by Etta James]
Yvonne Elliman,If I Can’t Have You,No samples found.
Fatboy Slim,Praise You,"[Take Yo' Praise by Camille Yarbrough], [Balance & Rehearsal by Hoyt Axton and James B. Lansing Sound Inc.], [Fat Albert Theme by Ed Fournier and Ricky Sheldon], [Lucky Man by Steve Miller Band], [It's a Small World by Walt Disney Records Studio Group], [Running Back to Me by Ruby (Rock Band)], [What'd I Say by Rare Earth], [Joe Bell by Isaac Hayes], [You Should Be High Love by Billy Squier]"
Sean Paul,Get Busy,[Diwali Riddim by Lenky]
Simple Minds,Don’t You (Forget About Me),No samples found.
Smash Mouth,All Star,"[Hot Wind by Les Baxter], [Chicken Yellow by Miami], [The Breakdown (Part II) by Rufus Thomas], [Lift Off: Mystery of Space by Sound of Genesis], [Lunar Landing: Moon Plaque by Sound of Genesis], [You Baby by The Ronettes]"
Taio Cruz,Dynamite,No samples found.
The Captain & Tennille,Love Will Keep Us Together,No samples found.
Lisa Lisa & Cult Jam with Full Force,I Wonder If I Take You Home,No samples found.
Megan Thee Stallion feat. Beyoncé,Savage Remix,[Like That by Webbie]
The Emotions,Best of My Love,No samples found.
Natalie Imbruglia,Torn,No samples found.
Carl Carlton,Everlasting Love,No samples found.
Sonny & Cher,I Got You Babe,No samples found.
Def Leppard,Photograph,No samples found.
Ed Sheeran,Thinking Out Loud,No samples found.
Sir Mix-a-Lot,Baby Got Back,"[Technicolor by Channel One], [Me So Horny by Full Metal Jacket (movie)], [I Got Game by Sir Mix-a-Lot], [Seminar by Sir Mix-a-Lot]"
Divinyls,I Touch Myself,No samples found.
Lady A,Need You Now,No samples found.
Dusty Springfield,I Only Want to Be With You,No samples found.
Eve feat. Gwen Stefani,Let Me Blow Ya Mind,No samples found.
Katy Perry,Hot N Cold,No samples found.
Eminem,My Name Is,[I Got The... by Labi Siffre]
10cc,I’m Not in Love,No samples found.
Mark Morrison,Return of the Mack,"[Genius of Love by Tom Tom Club], [Games by Chuckii Booker], [Rocket in the Pocket (Live) by Cerrone], [UFO by ESG], [Feel the Heartbeat by The Treacherous Three], [The Humpty Dance by Digital Underground], [Peter Piper by Run-DMC]"
Go-Go’s,Our Lips Are Sealed,"[Hush, Little Baby by Traditional Folk]"
Natalie Cole,This Will Be,No samples found.
Jennifer Lopez feat. Styles P & Jadakiss,Jenny From the Block,"[Watch Out Now by The Beatnuts], [Heaven and Hell Is on Earth by 20th Century Steel Band], [South Bronx by Boogie Down Productions], [I'm Real (Murder Remix) by Jennifer Lopez feat. Ja Rule and Ashanti], [Loving You by Jennifer Lopez]"
The J. Geils Band,Centerfold,No samples found.
Jimmy Eat World,The Middle,No samples found.
Wilson Phillips,Hold On,No samples found.
"DJ Khaled feat. T-Pain, Ludacris, Snoop Dogg & Rick Ross",All I Do Is Win,No samples found.
The Association,Windy,No samples found.
Gwen Stefani,Hollaback Girl,"[Another One Bites the Dust by Queen], [Nasty Boy by The Notorious B.I.G.], [Double Dutch Bus by Frankie Smith]"
Seal,Kiss From a Rose,No samples found.
Marvin Gaye,I Heard It Through the Grapevine,No samples found.
Jay-Z feat. UGK,Big Pimpin',"[Khusara Khusara by Hossam Ramzy], [170 Ahoo Yell by Roland Corporation]"
Peter Gabriel,Sledgehammer,[Shakuhachi by E-mu Systems]
The Drifters,Under the Boardwalk,[Up on the Roof by The Drifters]
Isaac Hayes,Theme From ‘Shaft',No samples found.
Plain White T’s,Hey There Delilah,No samples found.
Jackie Wilson,(Your Love Keeps Lifting Me) Higher and Higher,No samples found.
Los Del Rio,Macarena (Bayside Boys Mix),No samples found.
New Kids on the Block,You Got It (The Right Stuff),No samples found.
Toni Basil,Mickey,No samples found.
Connie Francis,Stupid Cupid,No samples found.
Demi Lovato,Give Your Heart a Break,No samples found.
Irene Cara,Flashdance…What a Feeling,No samples found.
Berlin,Take My Breath Away,No samples found.
Alice Deejay,Better Off Alone,No samples found.
Ella Mai,Boo’d Up,No samples found.
The Dave Clark Five,Glad All Over,No samples found.
Tony Bennett,I Left My Heart in San Francisco,No samples found.
Real McCoy,Another Night,[Desire by Roni Griffith]
The Romantics,What I Like About You,No samples found.
Ciara feat. Petey Pablo,Goodies,No samples found.
The Shangri-Las,Give Him a Great Big Kiss,No samples found.
First Class,Beach Baby,No samples found.
Debbie Gibson,Only in My Dreams,No samples found.
Little Anthony and the Imperials,Tears on My Pillow,No samples found.
Biz Markie,Just a Friend,"[(You) Got What I Need by Freddie Scott], [Get Out of My Life, Woman by Lee Dorsey]"
Nina Sky feat. Jibbs,Move Ya Body,"[Coolie Dance Rhythm by Cordel ""Scatta"" Burrell], [Can You Feel the Beat by Lisa Lisa & Cult Jam and Full Force]"
Right Said Fred,I’m Too Sexy,"[Third Stone From the Sun by Jimi Hendrix], [Think (About It) by Lyn Collins], [Hot Pants (Bonus Beats) by Bobby Byrd]"
Darlene Love,Christmas (Baby Please Come Home),No samples found.
Roddy Ricch,The Box,[DawnSynphony by Roland Corporation]
Badfinger,No Matter What,No samples found.
En Vogue,My Lovin’ (You’re Never Gonna Get It),[The Payback by James Brown]
Usher,You Make Me Wanna…,No samples found.
Luther Vandross,Never Too Much,No samples found.
"Cam’Ron feat. Juelz Santana, Freekey Zekey & Toya",Hey Ma,[Easy by Commodores]
Roxette,It Must Have Been Love,No samples found.
Ohio Express,Yummy Yummy Yummy,No samples found.
Billy Ray Cyrus,Achy Breaky Heart,No samples found.
Cassie,Me & U,No samples found.
Rob Base & DJ EZ-Rock,It Takes Two,No samples found.
Stan Getz & Joao Gilberto,The Girl From Ipanema,No samples found.
Bobby Brown,My Prerogative,No samples found.
J Balvin & Willy William,Mi Gente,[Voodoo Song by Willy William]
The Angels,My Boyfriend’s Back,No samples found.
Olivia Newton-John,Physical,No samples found.
Nelly Furtado feat. Timbaland,Promiscuous,[Roses Are Red by Traditional Folk]
The Kid LAROI & Justin Bieber,Stay,No samples found.
Dawn Penn,"You Don’t Love Me (No, No, No)",[Wake the Town by U-Roy]
New Radicals,You Get What You Give,No samples found.
Todd Rundgren,I Saw the Light,No samples found.
Clean Bandit feat. Jess Glynne,Rather Be,No samples found.
The Outfield,Your Love,No samples found.
Tyga,Rack City,"[I'm Good by YG], [Who U Wit? by Lil Jon and The East Side Boyz]"
Laura Branigan,Gloria,No samples found.
CeCe Peniston,Finally,[Move Your Body by Marshall Jefferson and On the House]
Modern English,I Melt With You,No samples found.
Flo Rida feat. T-Pain,Low,No samples found.
Sister Sledge,We Are Family,No samples found.
Billy Joel,Uptown Girl,No samples found.
House of Pain,Jump Around,"[Harlem Shuffle by Bob & Earl], [Ain't Sayin' Nothin' by Divine Styler], [Popeye (The Hitchhiker) by Chubby Checker], [Pistol Range, Military by Audio Fidelity Records], [Can You Dig It by Chico and Buddy], [Tramp by Otis Redding and Carla Thomas], [Make It With You by Aretha Franklin]"
Janet Jackson,All for You,"[The Glow of Love by Change], [Interlude: Hey Baby by Janet Jackson]"
Aretha Franklin,(You Make Me Feel Like) A Natural Woman,No samples found.
Toni Braxton,You’re Makin’ Me High,No samples found.
Joe Jackson,Is She Really Going Out With Him?,No samples found.
Maroon 5,This Love,No samples found.
Diana Ross,I’m Coming Out,No samples found.
Walk the Moon,Shut Up and Dance,No samples found.
Ice Cube,It Was a Good Day,"[Footsteps in the Dark by The Isley Brothers], [Sexy Mama by The Moments]"
Thelma Houston,Don’t Leave Me This Way,No samples found.
Spiral Starecase,More Today Than Yesterday,No samples found.
Dionne Warwick,I Say a Little Prayer,No samples found.
LEN,Steal My Sunshine,"[More, More, More by Andrea True Connection]"
Sylvester,You Make Me Feel (Mighty Real),No samples found.
Jordin Sparks & Chris Brown,No Air,No samples found.
Chief Keef feat. Lil Reese,I Don’t Like,No samples found.
Kim Carnes,Bette Davis Eyes,No samples found.
Candi Staton,Young Hearts Run Free,No samples found.
t.A.T.u.,All the Things She Said,"[Good Old Music by Funkadelic], [Ruffy 90a by David Ruffy]"
Alicia Keys,If I Ain’t Got You,No samples found.
The Righteous Brothers,You’ve Lost That Lovin’ Feelin',No samples found.
Ike & Tina Turner,Proud Mary,No samples found.
Bonnie Raitt,Something to Talk About,No samples found.
Shannon,Let the Music Play,No samples found.
Edison Lighthouse,Love Grows (Where My Rosemary Goes),No samples found.
Marc Cohn,Walking in Memphis,No samples found.
Bananarama,Cruel Summer,No samples found.
Daryl Hall & John Oates,She’s Gone,No samples found.
Snoop Dogg feat. Pharrell,Drop It Like It’s Hot,No samples found.
Labelle,Lady Marmalade,No samples found.
The Marvelettes,Please Mr. Postman,No samples found.
Donna Summer,Bad Girls,No samples found.
Donna Lewis,I Love You Always Forever,No samples found.
Wizkid feat. Tems,Essence,[Love Sensation by Loleatta Holloway]
LL Cool J,Mama Said Knock You Out,"[Trip to Your Heart by Sly & the Family Stone], [Funky Drummer by James Brown], [Gangster Boogie by Chicago Gangsters], [The Humpty Dance by Digital Underground], [Hook and Sling - Part I by Eddie Bo], [Raw by Big Daddy Kane], [Do or Die Bed Sty by Divine Sounds], [Spoonin Rap (A Drive Down the Street I Was Spanking and Freaking) by Spoonie Gee], [How Ya Like Me Now by Kool Moe Dee], [City of Crime by Dan Aykroyd and Tom Hanks], [Rock the Bells by LL Cool J]"
Sheryl Crow,All I Wanna Do,No samples found.
Odyssey,Native New Yorker,No samples found.
C+C Music Factory,Gonna Make You Sweat (Everybody Dance Now),"[The Rain by Oran ""Juice"" Jones]"
Fountains of Wayne,Stacy’s Mom,[My Best Friend's Girl by The Cars]
Roy Orbison and the Candy Men,"Oh, Pretty Woman",No samples found.
James Brown and the Famous Flames,I Got You (I Feel Good),No samples found.
KC and the Sunshine Band,Boogie Shoes,No samples found.
Lil Kim feat. Lil Cease,Crush on You,No samples found.
Pretenders,Back on the Chain Gang,No samples found.
Harold Melvin and the Blue Notes,The Love I Lost,No samples found.
The 5th Dimension,Aquarius/Let the Sunshine In,No samples found.
Four Seasons,December 1963 (Oh What a Night),No samples found.
The B-52s,Love Shack,No samples found.
The Bee Gees,Stayin’ Alive,No samples found.
Jackson 5,I Want You Back,No samples found.
"Earth, Wind & Fire",September,No samples found.
Run-D.M.C.,It’s Tricky,"[My Sharona by The Knack], [Mickey by Toni Basil]"
Dexy’s Midnight Runners,Come on Eileen,"[Believe Me, if All Those Endearing Young Charms by Thomas Moore], [A Man Like Me by Jimmy James], [Too-Ra-Loo-Ra-Loo-Ral: That's an Irish Melody by Chauncey Olcott]"
The Black Eyed Peas,I Gotta Feeling,No samples found.
Kool & The Gang,Celebration,No samples found.
Lipps Inc.,Funkytown,No samples found.
Celine Dion,My Heart Will Go On,[Rose by James Horner]
Cornelius Brothers & Sister Rose,Too Late to Turn Back Now,No samples found.
Turtles,Happy Together,No samples found.
Temptations,Just My Imagination (Running Away With Me),No samples found.
Philip Bailey With Phil Collins,Easy Lover,No samples found.
Everly Brothers,All I Have to Do Is Dream,No samples found.
"Cardi B, J Balvin & Bad Bunny",I Like It,"[I Like It Like That (A Mi Me Gusta Asi) by Pete Rodriguez], [Oh That's Nice by Pete Rodriguez], [Chambea by Bad Bunny feat. Ric Flair]"
Big Punisher feat. Joe,Still Not a Player,"[A Little Bit of Love by Brenda Russell], [Brazilian Rhyme (Beijo Interlude) by Earth, Wind & Fire], [Don't Wanna Be a Player by Joe], [I Wanna Rock by Luke]"
Lil Jon & The East Side Boyz feat. Ying Yang Twins,Get Low,"[The Clapping Song by Shirley Ellis], [To the Window to the Wall by Jam Pony Express]"
Isley Brothers,That Lady,No samples found.
Jack Ü with Justin Bieber,Where Are Ü Now,No samples found.
Cherrelle with Alexander O’Neal,Saturday Love,No samples found.
Tommy Tutone,867-5309/Jenny,No samples found.
Pharrell feat. Jay-Z,Frontin',No samples found.
Lana Del Rey vs. Cedric Gervais,Summertime Sadness,No samples found.
Martha & The Vandellas,Dancing in the Street,No samples found.
